https://www.federalregister.gov/documents/2022/10/07/2022-21851/issuance-of-priority-review-voucher-rare-pediatric-disease-product,https://www.federalregister.gov/api/v1/documents/2022-21851?publication_date=2022-10-07
https://www.federalregister.gov/api/v1/documents/2022-21865?publication_date=2022-10-07,https://www.federalregister.gov/documents/2022/10/07/2022-21865/issuance-of-priority-review-voucher-rare-pediatric-disease-product
https://www.federalregister.gov/documents/2022/09/06/2022-19155/issuance-of-priority-review-voucher-rare-pediatric-disease-product,https://www.federalregister.gov/api/v1/documents/2022-19155?publication_date=2022-09-06
https://www.federalregister.gov/documents/2022/08/29/2022-18519/issuance-of-priority-review-voucher-rare-pediatric-disease-product,https://www.federalregister.gov/api/v1/documents/2022-18519?publication_date=2022-08-29
https://www.federalregister.gov/documents/2022/09/07/2022-19276/issuance-of-priority-review-voucher-rare-pediatric-disease-product,https://www.federalregister.gov/api/v1/documents/2022-19276?publication_date=2022-09-07
https://www.federalregister.gov/documents/2022/05/02/2022-09315/issuance-of-priority-review-voucher-material-threat-medical-countermeasure-product,https://www.federalregister.gov/api/v1/documents/2022-09315?publication_date=2022-05-02
https://www.federalregister.gov/api/v1/documents/2022-09233?publication_date=2022-04-29,https://www.federalregister.gov/documents/2022/04/29/2022-09233/issuance-of-priority-review-voucher-material-threat-medical-countermeasure-product
https://www.federalregister.gov/documents/2022/02/17/2022-03420/issuance-of-priority-review-voucher-material-threat-medical-countermeasure-product,https://www.federalregister.gov/api/v1/documents/2022-03420?publication_date=2022-02-17
https://www.federalregister.gov/documents/2022/02/17/2022-03426/issuance-of-priority-review-voucher-material-threat-medical-countermeasure-product,https://www.federalregister.gov/api/v1/documents/2022-03426?publication_date=2022-02-17
https://www.federalregister.gov/documents/2021/10/27/2021-23336/issuance-of-priority-review-voucher-rare-pediatric-disease-product,https://www.federalregister.gov/api/v1/documents/2021-23336?publication_date=2021-10-27
https://www.federalregister.gov/api/v1/documents/2021-21311?publication_date=2021-09-30,https://www.federalregister.gov/documents/2021/09/30/2021-21311/issuance-of-priority-review-voucher-rare-pediatric-disease-product
https://www.federalregister.gov/documents/2021/10/06/2021-21823/issuance-of-priority-review-voucher-rare-pediatric-disease-product-withdrawal,https://www.federalregister.gov/api/v1/documents/2021-21823?publication_date=2021-10-06
https://www.federalregister.gov/documents/2021/07/13/2021-14779/issuance-of-priority-review-voucher-material-threat-medical-countermeasure-product,https://www.federalregister.gov/api/v1/documents/2021-14779?publication_date=2021-07-13
https://www.federalregister.gov/documents/2021/07/02/2021-14191/issuance-of-priority-review-voucher-rare-pediatric-disease-product,https://www.federalregister.gov/api/v1/documents/2021-14191?publication_date=2021-07-02
https://www.federalregister.gov/documents/2021/03/12/2021-05207/issuance-of-priority-review-voucher-rare-pediatric-disease-product,https://www.federalregister.gov/api/v1/documents/2021-05207?publication_date=2021-03-12
https://www.federalregister.gov/api/v1/documents/2021-05208?publication_date=2021-03-12,https://www.federalregister.gov/documents/2021/03/12/2021-05208/issuance-of-priority-review-voucher-rare-pediatric-disease-product
https://www.federalregister.gov/documents/2021/02/16/2021-03012/issuance-of-priority-review-voucher-rare-pediatric-disease-product,https://www.federalregister.gov/api/v1/documents/2021-03012?publication_date=2021-02-16
https://www.federalregister.gov/documents/2020/12/17/2020-27778/issuance-of-priority-review-voucher-rare-pediatric-disease-product,https://www.federalregister.gov/api/v1/documents/2020-27778?publication_date=2020-12-17
https://www.federalregister.gov/documents/2020/12/17/2020-27760/issuance-of-priority-review-voucher-rare-pediatric-disease-product,https://www.federalregister.gov/api/v1/documents/2020-27760?publication_date=2020-12-17
https://www.federalregister.gov/api/v1/documents/2020-26801?publication_date=2020-12-07,https://www.federalregister.gov/documents/2020/12/07/2020-26801/issuance-of-priority-review-voucher-rare-pediatric-disease-product
https://www.federalregister.gov/api/v1/documents/2020-20387?publication_date=2020-09-16,https://www.federalregister.gov/documents/2020/09/16/2020-20387/issuance-of-priority-review-voucher-rare-pediatric-disease-product
https://www.federalregister.gov/documents/2020/09/15/2020-20320/issuance-of-priority-review-voucher-rare-pediatric-disease-product,https://www.federalregister.gov/api/v1/documents/2020-20320?publication_date=2020-09-15
https://www.federalregister.gov/api/v1/documents/2020-19604?publication_date=2020-09-04,https://www.federalregister.gov/documents/2020/09/04/2020-19604/issuance-of-priority-review-voucher-rare-pediatric-disease-product
https://www.federalregister.gov/api/v1/documents/2020-18648?publication_date=2020-08-25,https://www.federalregister.gov/documents/2020/08/25/2020-18648/issuance-of-priority-review-voucher-rare-pediatric-disease-product
https://www.federalregister.gov/api/v1/documents/2020-01059?publication_date=2020-01-23,https://www.federalregister.gov/documents/2020/01/23/2020-01059/issuance-of-priority-review-voucher-rare-pediatric-disease-product
https://www.federalregister.gov/api/v1/documents/2019-21984?publication_date=2019-10-09,https://www.federalregister.gov/documents/2019/10/09/2019-21984/issuance-of-priority-review-voucher-material-threat-medical-countermeasure-product
https://www.federalregister.gov/documents/2019/07/01/2019-13944/issuance-of-priority-review-voucher-rare-pediatric-disease-product,https://www.federalregister.gov/api/v1/documents/2019-13944?publication_date=2019-07-01
https://www.federalregister.gov/documents/2019/06/24/2019-13356/issuance-of-priority-review-voucher-rare-pediatric-disease-product,https://www.federalregister.gov/api/v1/documents/2019-13356?publication_date=2019-06-24
https://www.federalregister.gov/api/v1/documents/2019-06145?publication_date=2019-04-01,https://www.federalregister.gov/documents/2019/04/01/2019-06145/issuance-of-priority-review-voucher-material-threat-medical-countermeasure-product
https://www.federalregister.gov/documents/2019/03/29/2019-06138/issuance-of-priority-review-voucher-rare-pediatric-disease-product,https://www.federalregister.gov/api/v1/documents/2019-06138?publication_date=2019-03-29
https://www.federalregister.gov/documents/2018/12/13/2018-27043/issuance-of-priority-review-voucher-rare-pediatric-disease-product,https://www.federalregister.gov/api/v1/documents/2018-27043?publication_date=2018-12-13
https://www.federalregister.gov/documents/2018/10/25/2018-23308/issuance-of-priority-review-voucher-rare-pediatric-disease-product,https://www.federalregister.gov/api/v1/documents/2018-23308?publication_date=2018-10-25
https://www.federalregister.gov/documents/2018/08/15/2018-17527/issuance-of-priority-review-voucher-rare-pediatric-disease-product,https://www.federalregister.gov/api/v1/documents/2018-17527?publication_date=2018-08-15
https://www.federalregister.gov/documents/2018/07/19/2018-15393/issuance-of-priority-review-voucher-rare-pediatric-disease-product,https://www.federalregister.gov/api/v1/documents/2018-15393?publication_date=2018-07-19
https://www.federalregister.gov/api/v1/documents/2017-28256?publication_date=2018-01-02,https://www.federalregister.gov/documents/2018/01/02/2017-28256/issuance-of-priority-review-voucher-rare-pediatric-disease-product
https://www.federalregister.gov/api/v1/documents/2017-27049?publication_date=2017-12-15,https://www.federalregister.gov/documents/2017/12/15/2017-27049/issuance-of-priority-review-voucher-rare-pediatric-disease-product
https://www.federalregister.gov/documents/2017/09/11/2017-19130/issuance-of-priority-review-voucher-rare-pediatric-disease-product,https://www.federalregister.gov/api/v1/documents/2017-19130?publication_date=2017-09-11
https://www.federalregister.gov/documents/2017/06/26/2017-13236/issuance-of-priority-review-voucher-rare-pediatric-disease-product,https://www.federalregister.gov/api/v1/documents/2017-13236?publication_date=2017-06-26
https://www.federalregister.gov/documents/2017/04/25/2017-08309/issuance-of-priority-review-voucher-rare-pediatric-disease-product,https://www.federalregister.gov/api/v1/documents/2017-08309?publication_date=2017-04-25
https://www.federalregister.gov/api/v1/documents/2017-04228?publication_date=2017-03-06,https://www.federalregister.gov/documents/2017/03/06/2017-04228/issuance-of-priority-review-voucher-rare-pediatric-disease-product
https://www.federalregister.gov/documents/2016/10/17/2016-24947/issuance-of-priority-review-voucher-rare-pediatric-disease-product,https://www.federalregister.gov/api/v1/documents/2016-24947?publication_date=2016-10-17
https://www.federalregister.gov/api/v1/documents/2015-29280?publication_date=2015-11-17,https://www.federalregister.gov/documents/2015/11/17/2015-29280/issuance-of-priority-review-voucher-rare-pediatric-disease-product
https://www.federalregister.gov/documents/2015/09/29/2015-24640/issuance-of-priority-review-voucher-rare-pediatric-disease-product,https://www.federalregister.gov/api/v1/documents/2015-24640?publication_date=2015-09-29
https://www.federalregister.gov/documents/2015/04/07/2015-08014/issuance-of-priority-review-voucher-rare-pediatric-disease-product,https://www.federalregister.gov/api/v1/documents/2015-08014?publication_date=2015-04-07
https://www.federalregister.gov/documents/2015/04/07/2015-08016/issuance-of-priority-review-voucher-rare-pediatric-disease-product,https://www.federalregister.gov/api/v1/documents/2015-08016?publication_date=2015-04-07
https://www.federalregister.gov/documents/2014/03/12/2014-05410/issuance-of-priority-review-voucher-rare-pediatric-disease-product,https://www.federalregister.gov/api/v1/documents/2014-05410?publication_date=2014-03-12
