COVID Treatment Quick Start Consortium,https://globalhealth.duke.edu/projects/covid-treatment-quick-start-consortium
Ushiriki wa Vijana: Youth Engagement to End the HIV Epidemic in Tanzania,https://globalhealth.duke.edu/projects/ushiriki-wa-vijana-youth-engagement-end-hiv-epidemic-tanzania
The Aga Khan University Pakistan Initiative for Non-Communicable Diseases (AKUPI-NCD) Research Training Program,https://globalhealth.duke.edu/projects/aga-khan-university-pakistan-initiative-non-communicable-diseases-akupi-ncd-research
COVID Global Accountability Platform (COVID GAP),https://globalhealth.duke.edu/projects/covid-global-accountability-platform-covid-gap
Tanzanian Adolescent HIV Prevention and Treatment Implementation Science Alliance (T-AHISA),https://globalhealth.duke.edu/projects/tanzanian-adolescent-hiv-prevention-and-treatment-implementation-science-alliance-t-ahisa
Telehealth to Reduce Suicidality and lmprove HIV Care Engagement in Tanzania,https://globalhealth.duke.edu/projects/telehealth-reduce-suicidality-and-lmprove-hiv-care-engagement-tanzania
Sauti ya Vijana (SYV): A Mental Health Intervention to Improve HIV Outcomes Among Tanzanian Youth,https://globalhealth.duke.edu/projects/sauti-ya-vijana-syv-mental-health-intervention-improve-hiv-outcomes-among-tanzanian-youth
Adolescent Wellness Visits in Tanzania to increase HIV testing and counseling,https://globalhealth.duke.edu/projects/adolescent-wellness-visits-tanzania-increase-hiv-testing-and-counseling-0
Transforming and Sustaining: Wellbeing Practices for Teachers,https://globalhealth.duke.edu/projects/transforming-and-sustaining-wellbeing-practices-teachers
ACTIV-1 (COVID-19 therapeutic trial),https://globalhealth.duke.edu/projects/activ-1-covid-19-therapeutic-trial
RADx-UP CDCC (COVID-19 diagnostics),https://globalhealth.duke.edu/projects/radx-cdcc-covid-19-diagnostics
Sepsis Characterization in Kilimanjaro (SICK),https://globalhealth.duke.edu/projects/sepsis-characterization-kilimanjaro-sick
Assessing an Innovative Community-based Response to COVID-19 in Rural North Carolina,https://globalhealth.duke.edu/projects/assessing-innovative-community-based-response-covid-19-rural-north-carolina
Environmental Exposures: Health Outcomes for Minority Owned Auto Repair Shops,https://globalhealth.duke.edu/projects/environmental-exposures-health-outcomes-minority-owned-auto-repair-shops
"Drinking Water Contamination in NC: Water Use, Human Health and Going Beyond GenX",https://globalhealth.duke.edu/projects/drinking-water-contamination-nc-water-use-human-health-and-going-beyond-genx
"Southern African Research Consortium for Mental health INTegration (S-MhINT)-Research and capacity building consortium to strengthen mental health integration in South Africa, Mozambique and Tanzania",https://globalhealth.duke.edu/projects/southern-african-research-consortium-mental-health-integration-s-mhint-research-and
Evaluation of the iMBC/Early Childhood Development model on maternal mental health and child development in Ghana,https://globalhealth.duke.edu/projects/evaluation-imbcearly-childhood-development-model-maternal-mental-health-and-child
Evaluation of the iMBC/Early Childhood Development model on maternal mental health and child development in Kenya,https://globalhealth.duke.edu/projects/evaluation-imbcearly-childhood-development-model-maternal-mental-health-and-child-0
The Impact of Land Use Change on Transmission Potential Networks and Disease Spread in Rural Madagascar,https://globalhealth.duke.edu/projects/impact-land-use-change-transmission-potential-networks-and-disease-spread-rural-madagascar
Identifying Infectious Disease Transmission Pathways for Improved Population Health and Pandemic Preparedness,https://globalhealth.duke.edu/projects/identifying-infectious-disease-transmission-pathways-improved-population-health-and
Exploring risk for Fetal Alcohol Spectrum Disorder (FASD) in South Africa,https://globalhealth.duke.edu/projects/exploring-risk-fetal-alcohol-spectrum-disorder-fasd-south-africa-0
Development of Mental Health Treatment for Obstetric Fistula Patients in Tanzania,https://globalhealth.duke.edu/projects/development-mental-health-treatment-obstetric-fistula-patients-tanzania-1
Identifying opportunities to promote engagement in HIV care following childbirth in South Africa,https://globalhealth.duke.edu/projects/identifying-opportunities-promote-engagement-hiv-care-following-childbirth-south-africa-1
"An Exploration of Community Health Volunteer Characteristics, Motivations, and Experiences in Western Kenya",https://globalhealth.duke.edu/projects/exploration-community-health-volunteer-characteristics-motivations-and-experiences-western
"An Exploration of Community Health Volunteer Characteristics, Motivations, and Experiences in Western Kenya",https://globalhealth.duke.edu/projects/exploration-community-health-volunteer-characteristics-motivations-and-experiences-0
"An Exploration of Community Health Volunteer Characteristics, Motivations, and Experiences in Western Kenya",https://globalhealth.duke.edu/projects/exploration-community-health-volunteer-characteristics-motivations-and-experiences-1
Sociobehavioral Sciences Research to Improve Care for HIV Infection in Tanzania,https://globalhealth.duke.edu/projects/sociobehavioral-sciences-research-improve-care-hiv-infection-tanzania-0
Partnership for Enhancing Antimicrobial Use in Resource-Limited Settings (PEARL),https://globalhealth.duke.edu/projects/partnership-enhancing-antimicrobial-use-resource-limited-settings-pearl
Elderly Health Literacy: A Multi-Country Comparator Study,https://globalhealth.duke.edu/projects/elderly-health-literacy-multi-country-comparator-study
Immigration Laws and Health,https://globalhealth.duke.edu/projects/immigration-laws-and-health
One Health Training Program at Duke University AND Detecting Novel Respiratory Viruses that Emerge from the Human-Animal Interface in the Philippines and Pakistan.,https://globalhealth.duke.edu/projects/one-health-training-program-duke-university-and-detecting-novel-respiratory-viruses-emerge
Effects of perfluorobutane sulfonate (PFBS) exposure on adverse pregnancy outcomes and fetal development,https://globalhealth.duke.edu/projects/effects-perfluorobutane-sulfonate-pfbs-exposure-adverse-pregnancy-outcomes-and-fetal
Community-sourced Interventions for Global Mental Health,https://globalhealth.duke.edu/projects/community-sourced-interventions-global-mental-health
Potential Pathophysiologic Mechanisms Linking Air Pollution Exposure in Pregnant Women to Reduced Birth Weight,https://globalhealth.duke.edu/projects/potential-pathophysiologic-mechanisms-linking-air-pollution-exposure-pregnant-women
Increasing the Effectiveness of Improved and Clean Cookstove Interventions in Rural Senegal Using Experimental and Quasi-experimental Methods,https://globalhealth.duke.edu/projects/increasing-effectiveness-improved-and-clean-cookstove-interventions-rural-senegal-using
Reducing stigma among healthcare providers to improve mental health services (RESHAPE),https://globalhealth.duke.edu/projects/reducing-stigma-among-healthcare-providers-improve-mental-health-services-reshape
"Prepared, Protected, emPowered (P3): A PrEP Adherence App for Young Men who have Sex with Men",https://globalhealth.duke.edu/projects/prepared-protected-empowered-p3-prep-adherence-app-young-men-who-have-sex-men
Surveillance for severe dengue in southern Sri Lanka,https://globalhealth.duke.edu/projects/surveillance-severe-dengue-southern-sri-lanka
Family psychoeducation for adults with psychotic disorders in Tanzania,https://globalhealth.duke.edu/projects/family-psychoeducation-adults-psychotic-disorders-tanzania
Myanmar Regional International Center of Excellence for Malaria Research,https://globalhealth.duke.edu/projects/myanmar-regional-international-center-excellence-malaria-research
Developing a Smartphone App to Improve Treatment Adherence among South African Adolescents Living with HIV,https://globalhealth.duke.edu/projects/developing-smartphone-app-improve-treatment-adherence-among-south-african-adolescents
"Longitudinal, mixed-methods study of clergy well-being",https://globalhealth.duke.edu/projects/longitudinal-mixed-methods-study-clergy-well-being
Accessible Laparoscopy for Low- and Middle-Income Countries,https://globalhealth.duke.edu/projects/accessible-laparoscopy-low-and-middle-income-countries
IMPAACT 2016: Evaluating a Group-Based Intervention to Improve Mental Health and ART Adherence Among Youth Living with HIV in Low Resource Settings,https://globalhealth.duke.edu/projects/impaact-2016-evaluating-group-based-intervention-improve-mental-health-and-art-adherence
"Maternal exposure to e-waste in Guiyu, China and birth outcomes",https://globalhealth.duke.edu/projects/maternal-exposure-e-waste-guiyu-china-and-birth-outcomes
mHealth-supported telecolposcopy for cervical cancer programs in low-resource settings,https://globalhealth.duke.edu/projects/mhealth-supported-telecolposcopy-cervical-cancer-programs-low-resource-settings
mHealth-supported telecolposcopy for cervical cancer programs in low-resource settings,https://globalhealth.duke.edu/projects/mhealth-supported-telecolposcopy-cervical-cancer-programs-low-resource-settings-0
Selah Stress Reduction Intervention Study,https://globalhealth.duke.edu/projects/selah-stress-reduction-intervention-study
The Seminary to Ministry Study,https://globalhealth.duke.edu/projects/seminary-ministry-study
Family psychoeducation for adults with psychotic disorders in Tanzania,https://globalhealth.duke.edu/projects/family-psychoeducation-adults-psychotic-disorders-tanzania-0
The development of a platform mimicking the human placental barrier,https://globalhealth.duke.edu/projects/development-platform-mimicking-human-placental-barrier
Evaluating the feasibility of implementing a screen and treat program for cervical cancer prevention in Haiti using vaginal HPV self-sampling followed by with cervical thermoablation.,https://globalhealth.duke.edu/projects/evaluating-feasibility-implementing-screen-and-treat-program-cervical-cancer-prevention
Spatial Scales of Plasmodium Falciparum Generations: Implications for Elimination,https://globalhealth.duke.edu/projects/spatial-scales-plasmodium-falciparum-generations-implications-elimination
Novel Diagnostics to Improve Antimicrobial Stewardship for Acute Respiratory Tract Infections in Resource-Limited Settings,https://globalhealth.duke.edu/projects/novel-diagnostics-improve-antimicrobial-stewardship-acute-respiratory-tract-infections
"Health, Hygiene, and Education Interventions Among Maya Families in the Guatemalan Highlands",https://globalhealth.duke.edu/projects/health-hygiene-and-education-interventions-among-maya-families-guatemalan-highlands
Global Febrile Illness Diagnostics,https://globalhealth.duke.edu/projects/global-febrile-illness-diagnostics
Uganda Epilepsy Center of Excellence,https://globalhealth.duke.edu/projects/uganda-epilepsy-center-excellence
"Evaluation of LifeNet Internationalâ€™s training program on maternal and neonatal quality of care in partner clinics in Masaka District, Uganda",https://globalhealth.duke.edu/projects/evaluation-lifenet-internationals-training-program-maternal-and-neonatal-quality-care
Developing Primary Care in China,https://globalhealth.duke.edu/projects/developing-primary-care-china
Doris Duke International Clinical Research Fellowship,https://globalhealth.duke.edu/projects/doris-duke-international-clinical-research-fellowship
OPAL - Optimizing Provider Attitudes and competence in Learning mental health systems,https://globalhealth.duke.edu/projects/opal-optimizing-provider-attitudes-and-competence-learning-mental-health-systems
Detecting Novel Respiratory Viruses that Emerge from the Human-Animal Interface - Egypt,https://globalhealth.duke.edu/projects/detecting-novel-respiratory-viruses-emerge-human-animal-interface-egypt
Detecting Novel Respiratory Viruses that Emerge from the Human-Animal Interface - Iraq,https://globalhealth.duke.edu/projects/detecting-novel-respiratory-viruses-emerge-human-animal-interface-iraq
Health Humanities Laboratory,https://globalhealth.duke.edu/projects/health-humanities-laboratory
Testing Multiple Modes of Data Collection with Network Sampling with Memory,https://globalhealth.duke.edu/projects/testing-multiple-modes-data-collection-network-sampling-memory
Emerging Virus Research Training in Sierra Leone,https://globalhealth.duke.edu/projects/emerging-virus-research-training-sierra-leone
One Health Training Program,https://globalhealth.duke.edu/projects/one-health-training-program
Prevention and Detection of Cervical Cancer through Self-Administered Screening in the Community,https://globalhealth.duke.edu/projects/prevention-and-detection-cervical-cancer-through-self-administered-screening-community
Evaluating a Community-Driven Cervical Cancer Prevention Strategy in Western Kenya,https://globalhealth.duke.edu/projects/evaluating-community-driven-cervical-cancer-prevention-strategy-western-kenya
Optimizing Provider Attitudes and Competence in Learning Mental Health Systems (OPAL),https://globalhealth.duke.edu/projects/optimizing-provider-attitudes-and-competence-learning-mental-health-systems-opal
Understanding Barriers and Successes in Transition of Adolescent to Adult HIV Care in Tanzania,https://globalhealth.duke.edu/projects/understanding-barriers-and-successes-transition-adolescent-adult-hiv-care-tanzania
Impact of Sickle-Trait on Transcriptional Regulation in P. falciparum Parasites,https://globalhealth.duke.edu/projects/impact-sickle-trait-transcriptional-regulation-p-falciparum-parasites
Effectiveness of focused psychosocial support to improve the psychosocial well-being and functioning of adults affected by humanitarian crisis in Nepal,https://globalhealth.duke.edu/projects/effectiveness-focused-psychosocial-support-improve-psychosocial-well-being-and-functioning
Fogarty Global Health Fellowship,https://globalhealth.duke.edu/projects/fogarty-global-health-fellowship
Evaluation of Early Childhood Development Program for HIV-exposed Children in Cameroon,https://globalhealth.duke.edu/projects/evaluation-early-childhood-development-program-hiv-exposed-children-cameroon
Planning Grant for Emerging Virus Research Training in Sierra Leone,https://globalhealth.duke.edu/projects/planning-grant-emerging-virus-research-training-sierra-leone
"Asia Surveillance for Acute Novel Respiratory Infections in Sarawak, Malaysia",https://globalhealth.duke.edu/projects/asia-surveillance-acute-novel-respiratory-infections-sarawak-malaysia
Achieving Health SDGs in China: Developing Evidence-based Policy Options for Action,https://globalhealth.duke.edu/projects/achieving-health-sdgs-china-developing-evidence-based-policy-options-action
Control of Childhood Diarrhea Mortality: Past Success and Future Prospects,https://globalhealth.duke.edu/projects/control-childhood-diarrhea-mortality-past-success-and-future-prospects
Positive mental health in caregivers: A mixed methods study of religion and virtue across four countries and religious traditions,https://globalhealth.duke.edu/projects/positive-mental-health-caregivers-mixed-methods-study-religion-and-virtue-across-four
Detecting Emerging Respiratory Viruses in Mauritania at the Human Animal Interface,https://globalhealth.duke.edu/projects/detecting-emerging-respiratory-viruses-mauritania-human-animal-interface
"Monitoring, Learning and Evaluation for the Implementation of Comprehensive Models of TB Care and Control in China",https://globalhealth.duke.edu/projects/monitoring-learning-and-evaluation-implementation-comprehensive-models-tb-care-and-control
Viral Zoonoses and Severe Febrile Illness in northern Tanzania,https://globalhealth.duke.edu/projects/viral-zoonoses-and-severe-febrile-illness-northern-tanzania
Bass Connections Peru,https://globalhealth.duke.edu/projects/bass-connections-peru
Referrals and Consultation: 5 Comparator Country Analysis,https://globalhealth.duke.edu/projects/referrals-and-consultation-5-comparator-country-analysis
SHARE Child Pakistan,https://globalhealth.duke.edu/projects/share-child-pakistan
System-Integrated Technology-Enabled Model of Care Aiming to Improve the Health of Stroke Patients in Poorly Resourced Settings in China,https://globalhealth.duke.edu/projects/system-integrated-technology-enabled-model-care-aiming-improve-health-stroke-patients
Engaging community health workers in combating chronic diseases in Asia: strategies and approaches,https://globalhealth.duke.edu/projects/engaging-community-health-workers-combating-chronic-diseases-asia-strategies-and
Effects of Air Pollution on Cardiopulmonary Disease in Urban and Peri-urban Residents in Beijing (AIRLESS),https://globalhealth.duke.edu/projects/effects-air-pollution-cardiopulmonary-disease-urban-and-peri-urban-residents-beijing
Test Rehearsal: Improving the HIV Testing Experience for Young Men who have Sex with Men,https://globalhealth.duke.edu/projects/test-rehearsal-improving-hiv-testing-experience-young-men-who-have-sex-men
Malaria chemoprevention in children with sickle cell anemia in Western Kenya,https://globalhealth.duke.edu/projects/malaria-chemoprevention-children-sickle-cell-anemia-western-kenya
Duke One Health Training Program 2017 (4 courses - 9 credits total),https://globalhealth.duke.edu/projects/duke-one-health-training-program-2017-4-courses-9-credits-total-0
Duke One Health Training Program 2017 (4 courses - 9 credits total),https://globalhealth.duke.edu/projects/duke-one-health-training-program-2017-4-courses-9-credits-total
Pregnant women as a sentinel group for malaria surveillance in an era of changing malaria transmission,https://globalhealth.duke.edu/projects/pregnant-women-sentinel-group-malaria-surveillance-era-changing-malaria-transmission
Postpartum HIV care engagement in the context of Option B+ in Tanzania,https://globalhealth.duke.edu/projects/postpartum-hiv-care-engagement-context-option-b-tanzania
"System-Integrated Technology-Enabled Model of Care Aiming to Improve the Health of
Stroke Patients in Resource-Poor Settings in China (The SINEMA Study)",https://globalhealth.duke.edu/projects/system-integrated-technology-enabled-model-care-aiming-improve-health-stroke-patients-0
Antibody responses to Zika Virus infection and fetal outcome in a cohort of pregnant women in Brazil,https://globalhealth.duke.edu/projects/antibody-responses-zika-virus-infection-and-fetal-outcome-cohort-pregnant-women-brazil
A pilot study to estimate the impact of mPango on contraceptive use,https://globalhealth.duke.edu/projects/pilot-study-estimate-impact-mpango-contraceptive-use
Impact of El Nino on Environmental Mercury and Human Exposure,https://globalhealth.duke.edu/projects/impact-el-nino-environmental-mercury-and-human-exposure
mHealth in China,https://globalhealth.duke.edu/projects/mhealth-china
Investigating Febrile Deaths in Tanzania,https://globalhealth.duke.edu/projects/investigating-febrile-deaths-tanzania
"Feasibility Assessment of Invigorating Grassroots Primary Healthcare for Cardiovascular
Prevention and Management in Low-resource Settings in China, Vietnam and Kenya (FAITH study)",https://globalhealth.duke.edu/projects/feasibility-assessment-invigorating-grassroots-primary-healthcare-cardiovascular
"POCkeT Colposcope in Mombasa, Kenya",https://globalhealth.duke.edu/projects/pocket-colposcope-mombasa-kenya
Developing a direct observational measure of family functioning for low-resource settings: Establishing reliability and validity in a Kenyan sample,https://globalhealth.duke.edu/projects/developing-direct-observational-measure-family-functioning-low-resource-settings
Application of Integrated Strategy with Community-based Approaches and Strengthening Health System to Control Malaria Effectively in the Southern Tanzania,https://globalhealth.duke.edu/projects/application-integrated-strategy-community-based-approaches-and-strengthening-health-system
Supporting Commissioned Research through Healthy Eating Research,https://globalhealth.duke.edu/projects/supporting-commissioned-research-through-healthy-eating-research
Bloodborne tropical pathogen detection using multiple nanophotonic arrays,https://globalhealth.duke.edu/projects/bloodborne-tropical-pathogen-detection-using-multiple-nanophotonic-arrays
Through a child's eyes: Technological solutions to improve early child development in low resource settings,https://globalhealth.duke.edu/projects/through-childs-eyes-technological-solutions-improve-early-child-development-low-resource
"Racial differences in the epidemiology of cervical neoplasia and HPV distribution in Brazil: A prospective, cross-sectional study",https://globalhealth.duke.edu/projects/racial-differences-epidemiology-cervical-neoplasia-and-hpv-distribution-brazil-prospective
Addressing Stigma Among Black Men Who Have Sex with Men in a Mobile Phone and Internet Intervention,https://globalhealth.duke.edu/projects/addressing-stigma-among-black-men-who-have-sex-men-mobile-phone-and-internet-0
Addressing Stigma Among Black Men Who Have Sex with Men in a Mobile Phone and Internet Intervention,https://globalhealth.duke.edu/projects/addressing-stigma-among-black-men-who-have-sex-men-mobile-phone-and-internet-intervention
Developing evidence-based recommendations for promoting nutrition and healthy feeding patterns for children from birth through 24 months,https://globalhealth.duke.edu/projects/developing-evidence-based-recommendations-promoting-nutrition-and-healthy-feeding-patterns
Medical Education Partnership Initiative-Junior Faculty (MEPI-JF),https://globalhealth.duke.edu/projects/medical-education-partnership-initiative-junior-faculty-mepi-jf
Nitric Oxide and Microvascular Dysfunction in Severe Malaria,https://globalhealth.duke.edu/projects/nitric-oxide-and-microvascular-dysfunction-severe-malaria
Influence of Indoor Air Filtration Strategies on Occupant Health Indicators,https://globalhealth.duke.edu/projects/influence-indoor-air-filtration-strategies-occupant-health-indicators
Alcohol-related HIV Risks Among South African Women,https://globalhealth.duke.edu/projects/alcohol-related-hiv-risks-among-south-african-women-0
"Developing a Brief Negotiational Intervention for Alcohol in Moshi, Tanzania",https://globalhealth.duke.edu/projects/developing-brief-negotiational-intervention-alcohol-moshi-tanzania
Addressing High Risk Alcohol Use Amongst Injury Patients in an Emergency Department in Tanzania,https://globalhealth.duke.edu/projects/addressing-high-risk-alcohol-use-amongst-injury-patients-emergency-department-tanzania
"Swine Influenza Virus Transmission in Confined Animal Feeding Operations, China",https://globalhealth.duke.edu/projects/swine-influenza-virus-transmission-confined-animal-feeding-operations-china
The combined influence of outdoor and indoor pollutants on acute respiratory response of school children in China,https://globalhealth.duke.edu/projects/combined-influence-outdoor-and-indoor-pollutants-acute-respiratory-response-school
Improving the Health of South African Women with Traumatic Stress in HIV Care,https://globalhealth.duke.edu/projects/improving-health-south-african-women-traumatic-stress-hiv-care-0
"Impact of Social Accountability Interventions on Healthcare Delivery and Health Outcomes in U.P., India",https://globalhealth.duke.edu/projects/impact-social-accountability-interventions-healthcare-delivery-and-health-outcomes-india
Quality Improvement in Healthcare Workshop,https://globalhealth.duke.edu/projects/quality-improvement-healthcare-workshop
Culturally Appropriate Screening and Diagnosis of Cervical Cancer in East Africa,https://globalhealth.duke.edu/projects/culturally-appropriate-screening-and-diagnosis-cervical-cancer-east-africa
Bridging Income Generation with GrouP Integrated Care (BIGPIC),https://globalhealth.duke.edu/projects/bridging-income-generation-group-integrated-care-bigpic
Culturally appropriate screening and diagnosis of cervical cancer,https://globalhealth.duke.edu/projects/culturally-appropriate-screening-and-diagnosis-cervical-cancer
Surveillance for Use of Healthcare Services among Residents in Jiangsu Province,https://globalhealth.duke.edu/projects/surveillance-use-healthcare-services-among-residents-jiangsu-province
Traffic and Trauma in India,https://globalhealth.duke.edu/projects/traffic-and-trauma-india
Replicating the BasicNeeds Model for Mental Health and Development in the U.S.,https://globalhealth.duke.edu/projects/replicating-basicneeds-model-mental-health-and-development-us
Molecular Epidemiology of Brucellosis in Northern Tanzania,https://globalhealth.duke.edu/projects/molecular-epidemiology-brucellosis-northern-tanzania
CFAR Social and Behavioral Science Core,https://globalhealth.duke.edu/projects/cfar-social-and-behavioral-science-core-0
CFAR Social and Behavioral Science Core,https://globalhealth.duke.edu/projects/cfar-social-and-behavioral-science-core
Technology-based interventions to reduce HIV treatment disparities,https://globalhealth.duke.edu/projects/technology-based-interventions-reduce-hiv-treatment-disparities
Bridging income generation with provision of incentives for care (BIGPIC),https://globalhealth.duke.edu/projects/bridging-income-generation-provision-incentives-care-bigpic
Energy Optimization and Field Demonstration of the Anaerobic Digestion Pasteurization Latrine (ADPL),https://globalhealth.duke.edu/projects/energy-optimization-and-field-demonstration-anaerobic-digestion-pasteurization-latrine
Development of Composite Ceramic - Silver and Red Mud Water Filters to Control Biological and Arsenic Contamination in Drinking Water,https://globalhealth.duke.edu/projects/development-composite-ceramic-silver-and-red-mud-water-filters-control-biological-and
Healthy Eating Research: Building Evidence to Prevent Childhood Obesity,https://globalhealth.duke.edu/projects/healthy-eating-research-building-evidence-prevent-childhood-obesity
A Viable Solution for a See-and-Treat Paradigm for Cervical Pre-cancer in Africa,https://globalhealth.duke.edu/projects/viable-solution-see-and-treat-paradigm-cervical-pre-cancer-africa
Exploring risk for Fetal Alcohol Spectrum Disorder (FASD) in South Africa,https://globalhealth.duke.edu/projects/exploring-risk-fetal-alcohol-spectrum-disorder-fasd-south-africa
A One Health approach to antibiotic-resistant Enterobacteriaceae in South Asia,https://globalhealth.duke.edu/projects/one-health-approach-antibiotic-resistant-enterobacteriaceae-south-asia
Iodine Deficiency and Gender Attitudes in Tanzania,https://globalhealth.duke.edu/projects/iodine-deficiency-and-gender-attitudes-tanzania
Integration of mHealth with Scalable Screening Tool for Cervical Cancer in LMICs,https://globalhealth.duke.edu/projects/integration-mhealth-scalable-screening-tool-cervical-cancer-lmics
China Longitudinal Healthy Longevity Study,https://globalhealth.duke.edu/projects/china-longitudinal-healthy-longevity-study
Development of a Detection and Early Warning System for Malaria Risk in the Amazon,https://globalhealth.duke.edu/projects/development-detection-and-early-warning-system-malaria-risk-amazon
Frugal Innovations: Global Case Studies,https://globalhealth.duke.edu/projects/frugal-innovations-global-case-studies
Bihar Evaluation of Social Franchasing and Telemedicine (BEST) Supplement,https://globalhealth.duke.edu/projects/bihar-evaluation-social-franchasing-and-telemedicine-best-supplement
Identifying opportunities to promote engagement in HIV care following childbirth in South Africa,https://globalhealth.duke.edu/projects/identifying-opportunities-promote-engagement-hiv-care-following-childbirth-south-africa
"Epic Allies: A Gaming Mobile Phone Application to Improve Engagement in Care, Antiretroviral Uptake and Adherence among Young Men Who Have Sex with Men",https://globalhealth.duke.edu/projects/epic-allies-gaming-mobile-phone-application-improve-engagement-care-antiretroviral-uptake
Encouraging Healthy Nutrition Purchases in an Online Grocery Setting using Experimental Economics,https://globalhealth.duke.edu/projects/encouraging-healthy-nutrition-purchases-online-grocery-setting-using-experimental
Impact of Spatial distribution of health services on child morbidity and mortality,https://globalhealth.duke.edu/projects/impact-spatial-distribution-health-services-child-morbidity-and-mortality
Assessing Odor Issues and Control Strategies for the Reinvent the Toilet Challenge (RTTC),https://globalhealth.duke.edu/projects/assessing-odor-issues-and-control-strategies-reinvent-toilet-challenge-rttc
An Early Warning System for Vector-borne Disease Risk in the Amazon,https://globalhealth.duke.edu/projects/early-warning-system-vector-borne-disease-risk-amazon
Health Assessment and Control Mechanisms for PM2.5 and Co-pollutants in the Built Environment,https://globalhealth.duke.edu/projects/health-assessment-and-control-mechanisms-pm25-and-co-pollutants-built-environment
Developing a Measure of Caregiver Readiness to Disclose HIV Serostatus,https://globalhealth.duke.edu/projects/developing-measure-caregiver-readiness-disclose-hiv-serostatus
"Determination of the association between livestock systems and influenza prevalence and diversity in swine, Cambodia",https://globalhealth.duke.edu/projects/determination-association-between-livestock-systems-and-influenza-prevalence-and-diversity
Supplement to Healthy Eating Research to Support Commissioned Research on In-Store Marketing and Early Care and Education,https://globalhealth.duke.edu/projects/supplement-healthy-eating-research-support-commissioned-research-store-marketing-and-early
Patterns of Adolescent Food Intake: Consequences and Contextual Influences,https://globalhealth.duke.edu/projects/patterns-adolescent-food-intake-consequences-and-contextual-influences
Reducing Barriers to Mental Health Task Sharing: Stigma Reduction in Primary Care,https://globalhealth.duke.edu/projects/reducing-barriers-mental-health-task-sharing-stigma-reduction-primary-care
Estimate return on investment for eye research funding provided by Singapore to Ministry of Health,https://globalhealth.duke.edu/projects/estimate-return-investment-eye-research-funding-provided-singapore-ministry-health
Cost Effectiveness of Sevelamer vs Calcium Carbonate in Singaporean Patients with CKD-ND,https://globalhealth.duke.edu/projects/cost-effectiveness-sevelamer-vs-calcium-carbonate-singaporean-patients-ckd-nd
Epidemiological and evolutionary dynamics of respiratory viruses in Singapore,https://globalhealth.duke.edu/projects/epidemiological-and-evolutionary-dynamics-respiratory-viruses-singapore
"Prospective Evaluation of Air Pollution, Cognition, and Autism from Birth Onward",https://globalhealth.duke.edu/projects/prospective-evaluation-air-pollution-cognition-and-autism-birth-onward
The Adherence and Knowledge Exchange Heart Disease Medicines study,https://globalhealth.duke.edu/projects/adherence-and-knowledge-exchange-heart-disease-medicines-study
Bass Connections Global Health: Integrative Global Health Research on Sickle Cell Disease,https://globalhealth.duke.edu/projects/bass-connections-global-health-integrative-global-health-research-sickle-cell-disease
Cardiovascular Risk Factor Assessment in a Health and Demographic Surveillance System in Kenya,https://globalhealth.duke.edu/projects/cardiovascular-risk-factor-assessment-health-and-demographic-surveillance-system-kenya
The Triangle Center for Evolutionary Medicine (TriCEM),https://globalhealth.duke.edu/projects/triangle-center-evolutionary-medicine-tricem
Improving the Health of South African Women with Traumatic Stress in HIV Care,https://globalhealth.duke.edu/projects/improving-health-south-african-women-traumatic-stress-hiv-care
"SHARE Child: Impact of perinatal depression treatment on child developmental
outcomes",https://globalhealth.duke.edu/projects/share-child-impact-perinatal-depression-treatment-child-developmental-outcomes
National Evaluation of Quality of Childcare,https://globalhealth.duke.edu/projects/national-evaluation-quality-childcare
"China's Experiences in Control of Malaria, Schistosomiasis and Other NTDs: Relevant to LMICs through Distillation, Synthesis and Dissemination Approaches",https://globalhealth.duke.edu/projects/chinas-experiences-control-malaria-schistosomiasis-and-other-ntds-relevant-lmics-through
Impact of Perinatal Depression Treatment on Child development outcomes,https://globalhealth.duke.edu/projects/impact-perinatal-depression-treatment-child-development-outcomes
Developing and Evaluating Financial Models for TB/MDRTB Care in China,https://globalhealth.duke.edu/projects/developing-and-evaluating-financial-models-tbmdrtb-care-china
Capacity building and improved quality of the care developed for adults who have survived a stroke and are discharged from the hospital (China),https://globalhealth.duke.edu/projects/capacity-building-and-improved-quality-care-developed-adults-who-have-survived-stroke-and
Knowledge and preferences for treatment of end stage renal disease among elderly patients and their family caregivers,https://globalhealth.duke.edu/projects/knowledge-and-preferences-treatment-end-stage-renal-disease-among-elderly-patients-and
Innovative Partnership to Target antimalarial Subsidies in the Retail Sector,https://globalhealth.duke.edu/projects/innovative-partnership-target-antimalarial-subsidies-retail-sector
Innovative partnership to target antimalarial subsidies in the retail sector,https://globalhealth.duke.edu/projects/innovative-partnership-target-antimalarial-subsidies-retail-sector-0
ASK4Care,https://globalhealth.duke.edu/projects/ask4care
Policy process implementation and international dissemination of maternal and infant health and child nutrition in China,https://globalhealth.duke.edu/projects/policy-process-implementation-and-international-dissemination-maternal-and-infant-health
"Policy Process, Implementation Experience, Historical Lessons and International Dissemination of Maternal and Infant Health and Child Nutrition in China",https://globalhealth.duke.edu/projects/policy-process-implementation-experience-historical-lessons-and-international-0
"Policy Process, Implementation Experience, Historical Lessons and International Dissemination of Maternal and Infant Health and Child Nutrition in China",https://globalhealth.duke.edu/projects/policy-process-implementation-experience-historical-lessons-and-international
Evaluating the Impact of Mercury Contamination on Human and Environmental Health in Madre de Dios Watershed,https://globalhealth.duke.edu/projects/evaluating-impact-mercury-contamination-human-and-environmental-health-madre-de-dios
Doris Duke Charitable Foundation International Clinical Research Fellowship for Medical Students,https://globalhealth.duke.edu/projects/doris-duke-charitable-foundation-international-clinical-research-fellowship-medical
Physical and Mental Health Support and Outcomes for Children in Residential Care Programs,https://globalhealth.duke.edu/projects/physical-and-mental-health-support-and-outcomes-children-residential-care-programs
Air Pollution Particle Effects on Human Antimycobacterial Immunity (MexAir),https://globalhealth.duke.edu/projects/air-pollution-particle-effects-human-antimycobacterial-immunity-mexair
New media obesity treatment in community health centers (Track),https://globalhealth.duke.edu/projects/new-media-obesity-treatment-community-health-centers-track
"Effects of Social Contest, Culture and Minority Status on Depression and Anxiety",https://globalhealth.duke.edu/projects/effects-social-contest-culture-and-minority-status-depression-and-anxiety
6th Annual Meeting of the Alliance for Surgery and Anesthesia Presence at Duke University,https://globalhealth.duke.edu/projects/6th-annual-meeting-alliance-surgery-and-anesthesia-presence-duke-university
Early Infant Care and Risk of Obesity (Nurture),https://globalhealth.duke.edu/projects/early-infant-care-and-risk-obesity-nurture
Causes and Interventions for Childhood Obesity: Innovative Systems Analysis,https://globalhealth.duke.edu/projects/causes-and-interventions-childhood-obesity-innovative-systems-analysis
Perinatal Depression Treatment and Child Development,https://globalhealth.duke.edu/projects/perinatal-depression-treatment-and-child-development
A randomized controlled trial on rehabilitation through caregiver-delivered nurse-organized service programs for disabled stroke patients in rural China,https://globalhealth.duke.edu/projects/randomized-controlled-trial-rehabilitation-through-caregiver-delivered-nurse-organized
A randomized controlled trial on rehabilitation through caregiver-deliverednurse-organized service programs for disabled stroke patients in rural China (The RECOVER trial),https://globalhealth.duke.edu/projects/randomized-controlled-trial-rehabilitation-through-caregiver-deliverednurse-organized
Evaluation of Barriers to Surgical Care for Children in Guatemala,https://globalhealth.duke.edu/projects/evaluation-barriers-surgical-care-children-guatemala
Excellence in Mentoring Undergraduate Research: DGHI Student Research Training Program vs. Independent Research,https://globalhealth.duke.edu/projects/excellence-mentoring-undergraduate-research-dghi-student-research-training-program-vs
"HIV/AIDS In Africa: Building A Digital Humanities Database For The Duke Undergraduate Course ""Global Narratives Of HIV/AIDS""",https://globalhealth.duke.edu/projects/hivaids-africa-building-digital-humanities-database-duke-undergraduate-course-global
Toward a Viable Solution for a See-and-Treat Paradigm for Cervical Pre-cancer in East Africa Using an Automated Colposcpectroscope,https://globalhealth.duke.edu/projects/toward-viable-solution-see-and-treat-paradigm-cervical-pre-cancer-east-africa-using
"Feasibility Study of a Low-Cost, Portable, Fiberoptic Nasolaryngoscope for Early Screening and Detection of Head and Neck Cancers in Vietnam",https://globalhealth.duke.edu/projects/feasibility-study-low-cost-portable-fiberoptic-nasolaryngoscope-early-screening-and
Genetic diversity of human influenza viruses from a community cohort versus sentinel and hospital-based surveillance in Singapore,https://globalhealth.duke.edu/projects/genetic-diversity-human-influenza-viruses-community-cohort-versus-sentinel-and-hospital
A Randomized Controlled Trial to Motivate and Sustain Physical Activity using Financial Incentives (TAKSI),https://globalhealth.duke.edu/projects/randomized-controlled-trial-motivate-and-sustain-physical-activity-using-financial
RCT of an Integrated Treatment of Persons with Co-occurring HCV and Alcohol Abuse,https://globalhealth.duke.edu/projects/rct-integrated-treatment-persons-co-occurring-hcv-and-alcohol-abuse
Development of Mental Health Treatment for Obstetric Fistula Patients in Tanzania,https://globalhealth.duke.edu/projects/development-mental-health-treatment-obstetric-fistula-patients-tanzania-0
Risk Assessment for Manufactured Nanoparticies Used in Consumer Products,https://globalhealth.duke.edu/projects/risk-assessment-manufactured-nanoparticies-used-consumer-products
Evaluating a Mental Health Intervention to Improve Mental Health and HIV outcomes among HIV-Positive Tanzanian Youth,https://globalhealth.duke.edu/projects/evaluating-mental-health-intervention-improve-mental-health-and-hiv-outcomes-among-hiv
One Health Innovation Fellowships for Zoonotic Disease Research In Mongolia,https://globalhealth.duke.edu/projects/one-health-innovation-fellowships-zoonotic-disease-research-mongolia
Bass Connections: Global Health Strengthening Community Environmental Health through Duke-HBCU Partnerships,https://globalhealth.duke.edu/projects/bass-connections-global-health-strengthening-community-environmental-health-through-duke
Development of Sociobehavioral Sciences Research Capacity in Tanzania,https://globalhealth.duke.edu/projects/development-sociobehavioral-sciences-research-capacity-tanzania
Youth in Transition: Developmental Pathways to Risk and Resilience in South India,https://globalhealth.duke.edu/projects/youth-transition-developmental-pathways-risk-and-resilience-south-india
Sociobehavioral Sciences Research to Improve Care for HIV Infection in Tanzania,https://globalhealth.duke.edu/projects/sociobehavioral-sciences-research-improve-care-hiv-infection-tanzania
"An Innovative Model for Detecting Interspecies Disease Transmission and Novel Pathogen Detection at Lola Ya Bonobo Sanctuary, Democratic Republic of Congo",https://globalhealth.duke.edu/projects/innovative-model-detecting-interspecies-disease-transmission-and-novel-pathogen-0
"An Innovative Model for Detecting Interspecies Disease Transmission and Novel Pathogen Detection at Lola Ya Bonobo Sanctuary, Democratic Republic of Congo",https://globalhealth.duke.edu/projects/innovative-model-detecting-interspecies-disease-transmission-and-novel-pathogen-detection
"Engaging Undergraduates in Research: Dietary intake, weight status and cognition in primary school children in the WISER educational programs in Muhuru Bay, Kenya",https://globalhealth.duke.edu/projects/engaging-undergraduates-research-dietary-intake-weight-status-and-cognition-primary-school
Validation of High Road Utilizer Surveys as a Source for Vulnerable Road User Road Traffic Crash Hotspot Localization,https://globalhealth.duke.edu/projects/validation-high-road-utilizer-surveys-source-vulnerable-road-user-road-traffic-crash
"Exploring the Emerging Concept of ""Social Responsibility of the Global Health Researcher"" Through Interactive Video",https://globalhealth.duke.edu/projects/exploring-emerging-concept-social-responsibility-global-health-researcher-through
Monsoon Science: Epidemiology in the Time of Climate Change,https://globalhealth.duke.edu/projects/monsoon-science-epidemiology-time-climate-change
Improving Vision and Quality of Life: An innovative and comprehensive eye care model for individuals in residential care facilities,https://globalhealth.duke.edu/projects/improving-vision-and-quality-life-innovative-and-comprehensive-eye-care-model-individuals
Developing a rapid assessment tool to identify bottlenecks to malaria prevention for elimination,https://globalhealth.duke.edu/projects/developing-rapid-assessment-tool-identify-bottlenecks-malaria-prevention-elimination
Social Entrepreneurship Accelerator at Duke,https://globalhealth.duke.edu/projects/social-entrepreneurship-accelerator-duke
Use of Conjoint Analysis to Estimate Cost-Effective Strategies for Increasing Screening Rates for Breast and Cervical Cancer Screening Programs,https://globalhealth.duke.edu/projects/use-conjoint-analysis-estimate-cost-effective-strategies-increasing-screening-rates-breast
Public Scholarship on Muslims in the West,https://globalhealth.duke.edu/projects/public-scholarship-muslims-west
"Health, Environmental, and Climate Impacts of Household Energy Choices in India",https://globalhealth.duke.edu/projects/health-environmental-and-climate-impacts-household-energy-choices-india
Global Epidemiology of Invasive Salmonelloses,https://globalhealth.duke.edu/projects/global-epidemiology-invasive-salmonelloses
Improved Global HIV-1 Incidence Assay,https://globalhealth.duke.edu/projects/improved-global-hiv-1-incidence-assay
"LUCIA: Land Use, Climate and Infections in Western Amazonia",https://globalhealth.duke.edu/projects/lucia-land-use-climate-and-infections-western-amazonia
Social Entrepreneurship Accelerator at Duke (SEAD),https://globalhealth.duke.edu/projects/social-entrepreneurship-accelerator-duke-sead
Chloroquine as a Chemopreventation of Burkitts Lymphoma in Holoendemic Areas,https://globalhealth.duke.edu/projects/chloroquine-chemopreventation-burkitts-lymphoma-holoendemic-areas
Carolina Drug and Alcohol Resources (CADRE),https://globalhealth.duke.edu/projects/carolina-drug-and-alcohol-resources-cadre
Evaluating the Impact of Mercury Contamination on Human and Environmental Welfare in the Madre de Dios / Beni Watersheds in Peru and Bolivia,https://globalhealth.duke.edu/projects/evaluating-impact-mercury-contamination-human-and-environmental-welfare-madre-de-dios-beni
Evaluating the impact of mercury contamination on human and environmental welfare in the Madre de Dios / Beni Watersheds in Peru and Bolivia,https://globalhealth.duke.edu/projects/evaluating-impact-mercury-contamination-human-and-environmental-welfare-madre-de-dios-0
An Oral History of the HIV/AIDS Quarantine Experience in Cuba,https://globalhealth.duke.edu/projects/oral-history-hivaids-quarantine-experience-cuba
Community Advisory Boards in Uganda,https://globalhealth.duke.edu/projects/community-advisory-boards-uganda
The Influence of Pricing and Nutrient Profiling on Food Purchases,https://globalhealth.duke.edu/projects/influence-pricing-and-nutrient-profiling-food-purchases
SNA - Pathways to Health and Well-Being: Social Networks of Orphaned and Abandoned Youth,https://globalhealth.duke.edu/projects/sna-pathways-health-and-well-being-social-networks-orphaned-and-abandoned-youth
Duke East Africa Neurosurgery Program,https://globalhealth.duke.edu/projects/duke-east-africa-neurosurgery-program
CBT II - Improving Health Outcomes for Orphans by Preventing HIV/STD Risk,https://globalhealth.duke.edu/projects/cbt-ii-improving-health-outcomes-orphans-preventing-hivstd-risk
Analysis of Indonesian Family Life Survey (IFLS) Analysis,https://globalhealth.duke.edu/projects/analysis-indonesian-family-life-survey-ifls-analysis
Discrete Choice Experiments (DCEs) to Determine HIV Testing Preference in Tanzania (R21),https://globalhealth.duke.edu/projects/discrete-choice-experiments-dces-determine-hiv-testing-preference-tanzania-r21
"WISER, The Women's Institute for Secondary Education and Research",https://globalhealth.duke.edu/projects/wiser-womens-institute-secondary-education-and-research
A Randomized Trial of Economic Incentives to Promote Walking among Full Time Employees,https://globalhealth.duke.edu/projects/randomized-trial-economic-incentives-promote-walking-among-full-time-employees
Global Health Pathway for Residents and Fellows,https://globalhealth.duke.edu/projects/global-health-pathway-residents-and-fellows
Discrete Choice Experiments to Determine HIV Testing Preference in Tanzania (Duke-CFAR),https://globalhealth.duke.edu/projects/discrete-choice-experiments-determine-hiv-testing-preference-tanzania-duke-cfar
Systems Approach to Obesity Prevention in Underserved Children in Texas,https://globalhealth.duke.edu/projects/systems-approach-obesity-prevention-underserved-children-texas
A RCT of Ways to Improve OVC HIV Prevention and Well Being (JHU),https://globalhealth.duke.edu/projects/rct-ways-improve-ovc-hiv-prevention-and-well-being-jhu
Multisite RCT Investigating the Efficacy of Massage in Osteoarthritis (EMBARK),https://globalhealth.duke.edu/projects/multisite-rct-investigating-efficacy-massage-osteoarthritis-embark
"The Impact and Social Ecology of Bacterial Zoonoses in Northern Tanzania: Understanding Transmission Patterns Among Humans, Livestock and Wildlife Hosts",https://globalhealth.duke.edu/projects/impact-and-social-ecology-bacterial-zoonoses-northern-tanzania-understanding-transmission
Designing and Evaluating Behavior Change Interventions to Improve the Adoption and Use of Improved Cookstoves,https://globalhealth.duke.edu/projects/designing-and-evaluating-behavior-change-interventions-improve-adoption-and-use-improved
Innovations in Healthcare,https://globalhealth.duke.edu/projects/innovations-healthcare
Smart Optical Sensor for Detection of Cervical Cancer in the Developing World,https://globalhealth.duke.edu/projects/smart-optical-sensor-detection-cervical-cancer-developing-world
Health Mpowerment.org: An Online and Mobile HIV Intervention for Young Black MSM,https://globalhealth.duke.edu/projects/health-mpowermentorg-online-and-mobile-hiv-intervention-young-black-msm
The Sri Lanka Healthy Minds Study,https://globalhealth.duke.edu/projects/sri-lanka-healthy-minds-study
BEST Evaluation-Bihar Evaluation of Social Franchising and Telemedicine,https://globalhealth.duke.edu/projects/best-evaluation-bihar-evaluation-social-franchising-and-telemedicine
Population-environment Dynamics Influencing Malaria Risk in the Peruvian Amazon,https://globalhealth.duke.edu/projects/population-environment-dynamics-influencing-malaria-risk-peruvian-amazon
Assessing Risk Factors for Obesity in Young Children in Northern Mexico (Juega),https://globalhealth.duke.edu/projects/assessing-risk-factors-obesity-young-children-northern-mexico-juega
Using Multiple Data Sources to Improve Respondent Driven Sampling Estimation,https://globalhealth.duke.edu/projects/using-multiple-data-sources-improve-respondent-driven-sampling-estimation
You Get What You Look For: Emerging Infections in a Malaria Endemic Zone,https://globalhealth.duke.edu/projects/you-get-what-you-look-emerging-infections-malaria-endemic-zone
"Biological Response to Air Quality Change in Beijing Pre-, Mid- and Post-Olympics",https://globalhealth.duke.edu/projects/biological-response-air-quality-change-beijing-pre-mid-and-post-olympics
Youth Education and Prevention Network,https://globalhealth.duke.edu/projects/youth-education-and-prevention-network
Study of the Tsunami Aftermath and Recovery,https://globalhealth.duke.edu/projects/study-tsunami-aftermath-and-recovery-0
Childhood Undernutrition: Metabolomic Analysis to Assess the Effectiveness of Ready-to-Use Therapeutic Food Intervention,https://globalhealth.duke.edu/projects/childhood-undernutrition-metabolomic-analysis-assess-effectiveness-ready-use-therapeutic
Global Public Service Academies,https://globalhealth.duke.edu/projects/global-public-service-academies
Qualitative Supplement to IMATCHINE Project,https://globalhealth.duke.edu/projects/qualitative-supplement-imatchine-project
Center for AIDS Research,https://globalhealth.duke.edu/projects/center-aids-research
Implementation Science to Optimize Malaria Vector Control and Disease Management,https://globalhealth.duke.edu/projects/implementation-science-optimize-malaria-vector-control-and-disease-management
Training for the Prevention and Treatment of Stroke in China,https://globalhealth.duke.edu/projects/training-prevention-and-treatment-stroke-china
Metabolomic Profiling in Diabetes and Cardiovascular Disease,https://globalhealth.duke.edu/projects/metabolomic-profiling-diabetes-and-cardiovascular-disease
Kolkata Cohort Study,https://globalhealth.duke.edu/projects/kolkata-cohort-study
Processes Controlling Groundwater Quality and Impacts on Human Health in the Main Ethiopian Rift,https://globalhealth.duke.edu/projects/processes-controlling-groundwater-quality-and-impacts-human-health-main-ethiopian-rift
MAL-ED: A Global Network for the Study of Malnutrition and Enteric Diseases,https://globalhealth.duke.edu/projects/mal-ed-global-network-study-malnutrition-and-enteric-diseases
Multi-Country Typhoid Fever Surveillence Program in sub-Saharan Africa,https://globalhealth.duke.edu/projects/multi-country-typhoid-fever-surveillence-program-sub-saharan-africa
"Malaria Decision Analysis Support Tool: Evaluating Health, Social and Environmental Impacts and Policy Tradeoffs",https://globalhealth.duke.edu/projects/malaria-decision-analysis-support-tool-evaluating-health-social-and-environmental-impacts
Enhancing VCT: Role of Home-based Couples Counseling in VCT Uptake and Disclosure in Rural Kilimanjaro,https://globalhealth.duke.edu/projects/enhancing-vct-role-home-based-couples-counseling-vct-uptake-and-disclosure-rural
MOVE: Malawi Orphans & Vulnerable Children Evaluation,https://globalhealth.duke.edu/projects/move-malawi-orphans-vulnerable-children-evaluation
CHAT: Coping with HIV/AIDS in Tanzania,https://globalhealth.duke.edu/projects/chat-coping-hivaids-tanzania
Clergy Health Initiative,https://globalhealth.duke.edu/projects/clergy-health-initiative
Duke Clergy Health Initiative,https://globalhealth.duke.edu/projects/duke-clergy-health-initiative
Prevalence and Correlates of Health-related Lifestyle Behaviors among Adults in Southern Sri Lanka,https://globalhealth.duke.edu/projects/prevalence-and-correlates-health-related-lifestyle-behaviors-among-adults-southern-sri
HIV/AIDS & Orphan Care (POFO II); Positive Outcomes for Orphans (POFO),https://globalhealth.duke.edu/projects/hivaids-orphan-care-pofo-ii-positive-outcomes-orphans-pofo
CREATE: Consortium to Respond Effectively to the AIDS-TB Epidemic,https://globalhealth.duke.edu/projects/create-consortium-respond-effectively-aids-tb-epidemic
POFO: Positive Outcomes for Orphans,https://globalhealth.duke.edu/projects/pofo-positive-outcomes-orphans
Patient Care in Honduras - Exploring Medicine class,https://globalhealth.duke.edu/projects/patient-care-honduras-exploring-medicine-class
Global Mammal Parasite Database,https://globalhealth.duke.edu/projects/global-mammal-parasite-database
International Maternal Pediatric Adolescent AIDS Clinical Trials,https://globalhealth.duke.edu/projects/international-maternal-pediatric-adolescent-aids-clinical-trials
"Antibiotic-resistant Enterobacteriaceae in community-acquired urinary tract infections, southern Sri Lanka",https://globalhealth.duke.edu/projects/antibiotic-resistant-enterobacteriaceae-community-acquired-urinary-tract-infections
Economic Analysis of Children's Surgical Care in LMICs,https://globalhealth.duke.edu/projects/economic-analysis-childrens-surgical-care-lmics
Lynch Fudan Pilot,https://globalhealth.duke.edu/projects/lynch-fudan-pilot
"Prospective Evaluation of Air Pollution, Cognition, and Autism from Birth Onward (PECABO)",https://globalhealth.duke.edu/projects/prospective-evaluation-air-pollution-cognition-and-autism-birth-onward-pecabo
Impact of spatial distribution of health services on child morbidity and mortality,https://globalhealth.duke.edu/projects/impact-spatial-distribution-health-services-child-morbidity-and-mortality-0
Environmental correlates of low fertility in Shanghai,https://globalhealth.duke.edu/projects/environmental-correlates-low-fertility-shanghai
Botswana Prospective Cancer Cohort,https://globalhealth.duke.edu/projects/botswana-prospective-cancer-cohort
Sri Lanka Emerging Acute Respiratory infection and febrile illness Characterization Study (SEARCh),https://globalhealth.duke.edu/projects/sri-lanka-emerging-acute-respiratory-infection-and-febrile-illness-characterization-study
Austere Environment Consortium for Enhanced Sepsis Outcomes (ACESO),https://globalhealth.duke.edu/projects/austere-environment-consortium-enhanced-sepsis-outcomes-aceso
Infectious Diseases in Africa: Measurement of Immune Responses,https://globalhealth.duke.edu/projects/infectious-diseases-africa-measurement-immune-responses
Religious Engagement and Psychopathology over the Lifecourse,https://globalhealth.duke.edu/projects/religious-engagement-and-psychopathology-over-lifecourse
Center of Excellence in Cardiovascular and Pulmonary Diseases,https://globalhealth.duke.edu/projects/center-excellence-cardiovascular-and-pulmonary-diseases
Curriculum for Training Technicians,https://globalhealth.duke.edu/projects/curriculum-training-technicians
Investigating Salinity and Radioactivity in Water Resources in Morocco,https://globalhealth.duke.edu/projects/investigating-salinity-and-radioactivity-water-resources-morocco
Coping with HIV/AIDS in Tanzania,https://globalhealth.duke.edu/projects/coping-hivaids-tanzania
Alcohol-related HIV Risks Among South African Women,https://globalhealth.duke.edu/projects/alcohol-related-hiv-risks-among-south-african-women
Advancing and Diffusing Knowledge on Muslim-Americans,https://globalhealth.duke.edu/projects/advancing-and-diffusing-knowledge-muslim-americans
Cost Effectiveness of Repeat HIV testing,https://globalhealth.duke.edu/projects/cost-effectiveness-repeat-hiv-testing
Doubly disenfranchised? How Race/Ethnicity and Religiosity Shape Muslim American Political Incorporation,https://globalhealth.duke.edu/projects/doubly-disenfranchised-how-raceethnicity-and-religiosity-shape-muslim-american-political
Ebola Clinical Research Consortium,https://globalhealth.duke.edu/projects/ebola-clinical-research-consortium
Subjective Expectations: New methods for elicitation using interactive touchscreens and applications to decision making under uncertainty,https://globalhealth.duke.edu/projects/subjective-expectations-new-methods-elicitation-using-interactive-touchscreens-and
Effect of price subsidies and testing information on demand for antimalarial drugs in Kenya,https://globalhealth.duke.edu/projects/effect-price-subsidies-and-testing-information-demand-antimalarial-drugs-kenya
Analysis of Provider Payment Reforms on Advancing China&rsquo;s Health (APPROACH): An Evaluation of County Hospitals,https://globalhealth.duke.edu/projects/analysis-provider-payment-reforms-advancing-chinas-health-approach-evaluation-county
Attitudes and Knowledge in Reference to HIV/AIDS Among Public Health Midwives in Sri Lanka,https://globalhealth.duke.edu/projects/attitudes-and-knowledge-reference-hivaids-among-public-health-midwives-sri-lanka
Caregivers of School Age Children with Downs Syndrome in Sri Lanka,https://globalhealth.duke.edu/projects/caregivers-school-age-children-downs-syndrome-sri-lanka
Prehospitalization Care and Transport of Patients with Severe Injuries in Southern Sri Lanka,https://globalhealth.duke.edu/projects/prehospitalization-care-and-transport-patients-severe-injuries-southern-sri-lanka
Chinese Medical Diplomacy in East Africa,https://globalhealth.duke.edu/projects/chinese-medical-diplomacy-east-africa
The Role of Mission Hospitals in African Health Systems: Case Studies from the Nile River Basin,https://globalhealth.duke.edu/projects/role-mission-hospitals-african-health-systems-case-studies-nile-river-basin
Bienvenue Ã  Durham: Welcoming French Speaking Refugees to North Carolina,https://globalhealth.duke.edu/projects/bienvenue-durham-welcoming-french-speaking-refugees-north-carolina
Maternal/infant immune responses that protect against mother to child HIV-1 transmission,https://globalhealth.duke.edu/projects/maternalinfant-immune-responses-protect-against-mother-child-hiv-1-transmission
Health Problems among Rubber Plantation Workers in Sri Lanka,https://globalhealth.duke.edu/projects/health-problems-among-rubber-plantation-workers-sri-lanka
"Preventing Cervical Cancer in Haiti with Vaginal HPV Testing, Portable Colposcopy, and Cryotherapy (CFAR)",https://globalhealth.duke.edu/projects/preventing-cervical-cancer-haiti-vaginal-hpv-testing-portable-colposcopy-and-cryotherapy
"Correlation of HPV Genotypes with Stages of Liquid-based Cervical Cytopathology in an Unscreened Population of Women in Leogane, Haiti",https://globalhealth.duke.edu/projects/correlation-hpv-genotypes-stages-liquid-based-cervical-cytopathology-unscreened-population
FastHPV Reagent Stability Testing,https://globalhealth.duke.edu/projects/fasthpv-reagent-stability-testing
"Evaluating the Impact of Inflammation on Obscuring Dysplasia in Liquid-based and Conventional Cervical Cytology Specimens in Leogane, Haiti",https://globalhealth.duke.edu/projects/evaluating-impact-inflammation-obscuring-dysplasia-liquid-based-and-conventional-cervical
Measuring Post-Traumatic Stress in Survivors of the 2010 Haitian Earthquake,https://globalhealth.duke.edu/projects/measuring-post-traumatic-stress-survivors-2010-haitian-earthquake
Arsenic and Salinity Distribution in Groundwater from the Mekong Delta: Implications for sustainability of water utilization in southern Vietnam,https://globalhealth.duke.edu/projects/arsenic-and-salinity-distribution-groundwater-mekong-delta-implications-sustainability
"Developing a Regional Cancer Registry in Kilimanjaro, Tanzania",https://globalhealth.duke.edu/projects/developing-regional-cancer-registry-kilimanjaro-tanzania
Evaluation of Surgical Outcomes in Nicaragua,https://globalhealth.duke.edu/projects/evaluation-surgical-outcomes-nicaragua
"Distance-based, Executive- style Degree Completion Program for Ghanaian Nurse Anesthetists",https://globalhealth.duke.edu/projects/distance-based-executive-style-degree-completion-program-ghanaian-nurse-anesthetists
Health of the Elderly in rural Maharashtra,https://globalhealth.duke.edu/projects/health-elderly-rural-maharashtra
Amarakaeri Communal Research -- Health and Environmental Impacts from Gas Extraction,https://globalhealth.duke.edu/projects/amarakaeri-communal-research-health-and-environmental-impacts-gas-extraction
The Anaerobic Digestion Pasteurization Latrine (ADPL),https://globalhealth.duke.edu/projects/anaerobic-digestion-pasteurization-latrine-adpl
Neighborhood-Scale Treatment of Fecal Sludge by Supercritical Oxidation,https://globalhealth.duke.edu/projects/neighborhood-scale-treatment-fecal-sludge-supercritical-oxidation
Development of culturally-grounded assessment tools to measure family functioning and mental health in Kenya,https://globalhealth.duke.edu/projects/development-culturally-grounded-assessment-tools-measure-family-functioning-and-mental
"Parenting Program Evaluation: Monrovia, Liberia",https://globalhealth.duke.edu/projects/parenting-program-evaluation-monrovia-liberia
"Workshop /CME Prototype on Global Health Theory and Practice for St. Damien's Hospital, Port-au-Prince, Haiti",https://globalhealth.duke.edu/projects/workshop-cme-prototype-global-health-theory-and-practice-st-damiens-hospital-port-au
Evaluation of mental health difficulties in HIV infected adolescents,https://globalhealth.duke.edu/projects/evaluation-mental-health-difficulties-hiv-infected-adolescents
Engineering Club at WISER NGO,https://globalhealth.duke.edu/projects/engineering-club-wiser-ngo
INvestigating Febrile Deaths In Tanzania (INDITe),https://globalhealth.duke.edu/projects/investigating-febrile-deaths-tanzania-indite
"Do increasing block tariffs lead to water conservation? Evidence from Hangzhou, China",https://globalhealth.duke.edu/projects/do-increasing-block-tariffs-lead-water-conservation-evidence-hangzhou-china
"Digo Jal Bikas: Sustainable, just and productive water resources development in Western Nepal",https://globalhealth.duke.edu/projects/digo-jal-bikas-sustainable-just-and-productive-water-resources-development-western-nepal
Study of the Tsunami Aftermath and Recovery,https://globalhealth.duke.edu/projects/study-tsunami-aftermath-and-recovery
Strengthening the United States Government's Role in Product Development for Global Health,https://globalhealth.duke.edu/projects/strengthening-united-states-governments-role-product-development-global-health
"Disease Control Priorities Project, 3rd Edition",https://globalhealth.duke.edu/projects/disease-control-priorities-project-3rd-edition
Adolescent Wellness Visits in Tanzania to increase HIV testing and counseling,https://globalhealth.duke.edu/projects/adolescent-wellness-visits-tanzania-increase-hiv-testing-and-counseling
"mHealth-assisted conditional cash transfers to improve timeliness of childhood vaccinations in Mtwara, Tanzania",https://globalhealth.duke.edu/projects/mhealth-assisted-conditional-cash-transfers-improve-timeliness-childhood-vaccinations
Sabbath Living Evaluation,https://globalhealth.duke.edu/projects/sabbath-living-evaluation
"Comparison of a portable ""POCkeT"" colposcope with state of the art cervical screening in the U.S., Peru, and Tanzania",https://globalhealth.duke.edu/projects/comparison-portable-pocket-colposcope-state-art-cervical-screening-us-peru-and-tanzania
Let's Talk HIV Prevention Initiative,https://globalhealth.duke.edu/projects/lets-talk-hiv-prevention-initiative
Vaccine and Treatment Evaluation Unit (VTEU),https://globalhealth.duke.edu/projects/vaccine-and-treatment-evaluation-unit-vteu
Developing International Clinic,https://globalhealth.duke.edu/projects/developing-international-clinic
Iodine Deficiency and Labor Market Outcomes,https://globalhealth.duke.edu/projects/iodine-deficiency-and-labor-market-outcomes
Influences on Household Demand for Family Planning,https://globalhealth.duke.edu/projects/influences-household-demand-family-planning
Evaluation of a Rural Microfinance Project on Poverty and Well-Being,https://globalhealth.duke.edu/projects/evaluation-rural-microfinance-project-poverty-and-well-being
Effects of the Liquidity Crisis on Business Survival,https://globalhealth.duke.edu/projects/effects-liquidity-crisis-business-survival
Adolescent Empowerment and Early Marriage in Rural Bangladesh,https://globalhealth.duke.edu/projects/adolescent-empowerment-and-early-marriage-rural-bangladesh
"Optimal Detection of Causes of Acute Febrile Illness, Including Emerging Zoonotic and Vector-borne Pathogens in Sri Lanka",https://globalhealth.duke.edu/projects/optimal-detection-causes-acute-febrile-illness-including-emerging-zoonotic-and-vector
IVQAC - Immunology Virology Quality Assessment Center,https://globalhealth.duke.edu/projects/ivqac-immunology-virology-quality-assessment-center
Impact of Infrastructure and Training on Neurosurgery Results at New Mulago Hospital,https://globalhealth.duke.edu/projects/impact-infrastructure-and-training-neurosurgery-results-new-mulago-hospital
Womens and Childrens Health Initiatives in Haiti,https://globalhealth.duke.edu/projects/womens-and-childrens-health-initiatives-haiti
Global Access to Surgical Health Care in Rural India,https://globalhealth.duke.edu/projects/global-access-surgical-health-care-rural-india
Development of Low Cost Optical Technologies for Cervical Pre-Cancer Detection,https://globalhealth.duke.edu/projects/development-low-cost-optical-technologies-cervical-pre-cancer-detection
On-Site Packaging of ARV Dosed for the Prevention of Transmission of HIV from Mother to Child,https://globalhealth.duke.edu/projects/site-packaging-arv-dosed-prevention-transmission-hiv-mother-child
"Relationship Between Diarrheal Diseases, Sanitation and Water Safety in Rural India",https://globalhealth.duke.edu/projects/relationship-between-diarrheal-diseases-sanitation-and-water-safety-rural-india
The Measurement to Understand Reclassification of Disease Of Cabarrus/Kannapolis Study: MURDOCK,https://globalhealth.duke.edu/projects/measurement-understand-reclassification-disease-cabarruskannapolis-study-murdock
EQAPOL (External Quality Assurance Proficiency of Laboratories),https://globalhealth.duke.edu/projects/eqapol-external-quality-assurance-proficiency-laboratories
Duke-Engineering World Health,https://globalhealth.duke.edu/projects/duke-engineering-world-health
Clinical Rotations at Karapitya Teaching Hospital,https://globalhealth.duke.edu/projects/clinical-rotations-karapitya-teaching-hospital
Muslim Integration in the U.S. and England,https://globalhealth.duke.edu/projects/muslim-integration-us-and-england
Uganda Neurosurgical Training Program and Surgical Skills,https://globalhealth.duke.edu/projects/uganda-neurosurgical-training-program-and-surgical-skills
An Exploratory Randomized Controlled Trial of a Novel Family-Based Intervention to increase Outdoor Time for the Prevention of Myopia and Increase Physical Activity among Singapore Youth,https://globalhealth.duke.edu/projects/exploratory-randomized-controlled-trial-novel-family-based-intervention-increase-outdoor
A Blueprint for Identifying a Successful Walking Program Targeting Singaporeans 50,https://globalhealth.duke.edu/projects/blueprint-identifying-successful-walking-program-targeting-singaporeans-50
"Water, Climate Change and Health in the Rift Valley, Ethiopia",https://globalhealth.duke.edu/projects/water-climate-change-and-health-rift-valley-ethiopia
Family Composition and Risk of Mental Health Problems in the Offspring,https://globalhealth.duke.edu/projects/family-composition-and-risk-mental-health-problems-offspring
Medanta Cardiometabolic Disease Study,https://globalhealth.duke.edu/projects/medanta-cardiometabolic-disease-study
Health Problems Among Foreign Domestic Workers in Sri Lanka,https://globalhealth.duke.edu/projects/health-problems-among-foreign-domestic-workers-sri-lanka
Associate Medical Officers in Sri Lanka,https://globalhealth.duke.edu/projects/associate-medical-officers-sri-lanka
"Iron Deficiency, Anemia and School Performance",https://globalhealth.duke.edu/projects/iron-deficiency-anemia-and-school-performance
Development and Evaluation of a Family- and Church-based Intervention for Mental Health Promotion and HIV Prevention for Adolescents in Rural Kenya,https://globalhealth.duke.edu/projects/development-and-evaluation-family-and-church-based-intervention-mental-health-promotion
Urban Titling Project,https://globalhealth.duke.edu/projects/urban-titling-project
Peri-Urban Rangeland Management,https://globalhealth.duke.edu/projects/peri-urban-rangeland-management
Vocational Education Project,https://globalhealth.duke.edu/projects/vocational-education-project
Marriage and Dowry,https://globalhealth.duke.edu/projects/marriage-and-dowry
Prematurity and Cause of Death: A longitudinal analysis of 1 million Norwegian births,https://globalhealth.duke.edu/projects/prematurity-and-cause-death-longitudinal-analysis-1-million-norwegian-births
DIAFOTO: a telemedicine intervention to reduce diabetes complications,https://globalhealth.duke.edu/projects/diafoto-telemedicine-intervention-reduce-diabetes-complications
Aging and Social Isolation in Singapore: a community survey,https://globalhealth.duke.edu/projects/aging-and-social-isolation-singapore-community-survey
The Singapore Community Caregiving Survey,https://globalhealth.duke.edu/projects/singapore-community-caregiving-survey
Various Projects Relating to Reproductive and Perinatal Epidemiology,https://globalhealth.duke.edu/projects/various-projects-relating-reproductive-and-perinatal-epidemiology
"Evaluation of the Health Promotion Boards ""Lose to Win"" Obesity Reduction Campaign",https://globalhealth.duke.edu/projects/evaluation-health-promotion-boards-lose-win-obesity-reduction-campaign
Working with Ghana Health Service to create a maternity center of excellence in two regional hospitals towards reducing maternal mortality and stillbirths,https://globalhealth.duke.edu/projects/working-ghana-health-service-create-maternity-center-excellence-two-regional-hospitals
Improving Outcomes of Traumatic Brain Injuries: Kilimanjaro Christian Medical Center,https://globalhealth.duke.edu/projects/improving-outcomes-traumatic-brain-injuries-kilimanjaro-christian-medical-center
Stillbirths and Neonatal Mortality in Project villages of the comprehensive Rural health Project,https://globalhealth.duke.edu/projects/stillbirths-and-neonatal-mortality-project-villages-comprehensive-rural-health-project
"Project Heal: PeaceWorks, Helping Honduras Kids",https://globalhealth.duke.edu/projects/project-heal-peaceworks-helping-honduras-kids
Mama na Dada: Nutrition and Cognition in Kunya village,https://globalhealth.duke.edu/projects/mama-na-dada-nutrition-and-cognition-kunya-village
Naama Community Health Collaboration,https://globalhealth.duke.edu/projects/naama-community-health-collaboration
